{"themes":"OperaGX","headshotchance":19,"showhealthpercentages":true,"hitchance":46,"fly":"BackSlash","tracecolour":{"h":1,"s":1,"v":1},"togglegui":"RightControl","triggerbot":false,"material":"DiamondPlate","ignoreaimkey":false,"nospread":true,"antiafk":true,"fovenabled":false,"aimkey":"MouseButton2","showtracers":true,"firerate":514,"shownames":true,"configs":"","aimbotenabled":true,"configname":"STRUCID","firerateenabled":true,"autoshoot":false,"silentaimenabled":true,"bullettracersenabled":false,"flyspeed":70,"smoothness":5.1000000000000009,"customguncolour":true,"fovvisible":false,"custommaterial":false,"guncolour":{"h":0.4861111111111111,"s":1,"v":1},"showhealthbars":true,"showdistances":false,"showboxes":true,"aimpart":"UpperTorso","showteammates":false,"norecoil":true,"textsize":14,"fovradius":100}