{"showhealthpercentages":false,"buynecessarykeys":false,"knifeaurarange":12,"combinemags":true,"triggerbot":false,"togglegui":"RightControl","material":"Concrete","antiafk":true,"showgrenadetrajectory":true,"aimpart":"Torso","cameraoffset":0,"nocamerashake":true,"instantequip":true,"rapidfire":false,"deatheffects":"Explosion","reducerecoil":true,"nobolt":true,"aimkey":"MouseButton2","fovenabled":false,"noslidecooldown":true,"showtracers":false,"message":"$victim killed with $gun by $dist","allfiremodes":false,"reducespread":true,"custommaterial":true,"nogunbob":true,"fakestance":false,"custompitch":false,"selectedrarity":"Common","customjumppower":true,"impactcolour":{"h":1,"s":1,"v":1},"instantaim":true,"autowallbang":false,"headshotchance":34,"themes":"OperaGX","fullbright":true,"smoothness":3,"customguncolour":true,"killsayenabled":false,"revengegrenade":false,"configname":"MAIN","configs":"","tracecolour":{"h":1,"s":1,"v":1},"fly":"BackSlash","showdistances":false,"forcestancedrop":"Prone","showboxes":false,"instantknife":true,"scanradius":8,"nofalldamage":true,"onlyshowwhenthrowing":true,"fovvisible":false,"enabled":false,"walkspeed":17,"minimumdamage%":58,"fakestancedrop":"Prone","knifeaura":true,"autospotplayers":true,"teleportgrenades":false,"autodeploy":false,"hitchance":64,"ignoreaimkey":false,"maxscanangle":120,"yaw":"Spinbot","flyspeed":82,"infinitejump":true,"impactpointsenabled":true,"jumppower":6,"impactgrenades":false,"bunnyhop":false,"firerate":0,"shownames":false,"nojumpcooldown":true,"breakallwindows":"End","customwalkspeed":true,"clicktp":"","crosshair":false,"pitch":"Down","revengemode":"On Death","alwaysheadshot":false,"stickygrenades":false,"angleinterval":15,"antisuppress":false,"nosway":true,"instantthrow":false,"customyaw":false,"autoshoot":false,"silentaimwallcheck":true,"silentaimenabled":true,"requireknifeequipped":false,"textsize":14,"spreadreduction":100,"guncolour":{"h":0.5138888888888888,"s":1,"v":1},"aimbotenabled":true,"recoilreduction":100,"showhealthbars":false,"aimbotwallcheck":true,"bullettracersenabled":false,"showteammates":false,"instantreload":true,"forcestance":false,"fovradius":100}