{"showhealthpercentages":false,"buynecessarykeys":false,"knifeaurarange":25,"combinemags":true,"triggerbot":true,"togglegui":"RightControl","material":"ForceField","antiafk":true,"showgrenadetrajectory":true,"aimpart":"Head","cameraoffset":0,"nocamerashake":true,"instantequip":true,"rapidfire":true,"deatheffects":"None","reducerecoil":true,"nobolt":true,"aimkey":"MouseButton2","fovenabled":false,"noslidecooldown":true,"showtracers":false,"message":"$victim hasn't been to projectevo.xyz","allfiremodes":true,"reducespread":true,"custommaterial":false,"nogunbob":true,"fakestance":true,"custompitch":true,"selectedrarity":"Common","customjumppower":false,"impactcolour":{"h":1,"s":1,"v":1},"instantaim":true,"autowallbang":true,"headshotchance":100,"themes":"","fullbright":true,"smoothness":1,"customguncolour":false,"killsayenabled":false,"revengegrenade":true,"configname":"sicko mode","configs":"","tracecolour":{"h":1,"s":1,"v":1},"fly":"BackSlash","showdistances":false,"forcestancedrop":"Prone","showboxes":false,"instantknife":true,"scanradius":9.5,"nofalldamage":true,"onlyshowwhenthrowing":true,"fovvisible":false,"enabled":true,"walkspeed":16,"minimumdamage%":100,"fakestancedrop":"Prone","knifeaura":true,"autospotplayers":true,"teleportgrenades":true,"autodeploy":false,"hitchance":100,"ignoreaimkey":true,"maxscanangle":180,"yaw":"Spinbot","flyspeed":250,"infinitejump":true,"impactpointsenabled":false,"jumppower":4,"impactgrenades":true,"bunnyhop":false,"firerate":2500,"shownames":false,"nojumpcooldown":true,"breakallwindows":"End","customwalkspeed":false,"clicktp":"","crosshair":true,"pitch":"Down","revengemode":"On Respawn","alwaysheadshot":true,"stickygrenades":true,"angleinterval":15,"antisuppress":true,"nosway":true,"instantthrow":true,"customyaw":true,"autoshoot":true,"silentaimwallcheck":false,"silentaimenabled":true,"requireknifeequipped":false,"textsize":14,"spreadreduction":100,"guncolour":{"h":1,"s":1,"v":1},"aimbotenabled":true,"recoilreduction":100,"showhealthbars":false,"aimbotwallcheck":true,"bullettracersenabled":false,"showteammates":false,"instantreload":true,"forcestance":true,"fovradius":100}